Exchange Date,Close,Net,Returns,Log_Returns
9/16/2020,1124.1,,,
9/17/2020,1114.58,-9.52,-0.008468997,-0.008505063
9/18/2020,1113.8,-0.78,-0.000699815,-0.00070006
9/21/2020,1093.33,-20.47,-0.018378524,-0.018549507
9/22/2020,1088.58,-4.75,-0.004344525,-0.00435399
9/23/2020,1081.49,-7.09,-0.006513072,-0.006534375
9/24/2020,1062.95,-18.54,-0.017143016,-0.017291658
9/25/2020,1063.66,0.71,0.000667952,0.000667729
9/28/2020,1074.52,10.86,0.01021003,0.010158259
9/29/2020,1072.1,-2.42,-0.002252168,-0.002254708
9/30/2020,1086.94,14.84,0.013841992,0.013747067
10/1/2020,1089.8,2.86,0.00263124,0.002627784
10/2/2020,1087.08,-2.72,-0.002495871,-0.002498991
10/5/2020,1095.89,8.81,0.008104279,0.008071616
10/6/2020,1107.71,11.82,0.010785754,0.010728003
10/7/2020,1112.45,4.74,0.004279098,0.004269969
10/8/2020,1123.55,11.1,0.009977977,0.009928525
10/9/2020,1128.19,4.64,0.004129767,0.004121263
10/12/2020,1143.74,15.55,0.013783139,0.013689016
10/13/2020,1142.42,-1.32,-0.001154108,-0.001154775
10/14/2020,1144.04,1.62,0.001418042,0.001417038
10/15/2020,1127.51,-16.53,-0.014448795,-0.014554196
10/16/2020,1133.97,6.46,0.005729439,0.005713088
10/19/2020,1138.04,4.07,0.00358916,0.003582735
10/20/2020,1143.95,5.91,0.005193139,0.005179701
10/21/2020,1147.65,3.7,0.003234407,0.003229188
10/22/2020,1147.36,-0.29,-0.00025269,-0.000252722
10/23/2020,1148.2,0.84,0.000732115,0.000731848
10/26/2020,1141.82,-6.38,-0.005556523,-0.005572018
10/27/2020,1146.12,4.3,0.003765918,0.003758844
10/28/2020,1131.99,-14.13,-0.012328552,-0.012405179
10/29/2020,1131.39,-0.6,-0.00053004,-0.000530181
10/30/2020,1117.03,-14.36,-0.012692352,-0.012773588
11/2/2020,1128.16,11.13,0.009963922,0.00991461
11/3/2020,1131.78,3.62,0.003208765,0.003203628
11/4/2020,1145.45,13.67,0.012078319,0.012005958
11/5/2020,1177.03,31.58,0.027569951,0.027196744
11/6/2020,1186.71,9.68,0.008224089,0.008190456
11/9/2020,1204.44,17.73,0.014940466,0.014829956
11/10/2020,1191.62,-12.82,-0.010643951,-0.010701003
11/11/2020,1184.87,-6.75,-0.005664557,-0.005680662
11/12/2020,1190.77,5.9,0.004979449,0.004967093
11/13/2020,1196.27,5.5,0.00461886,0.004608226
11/16/2020,1208.39,12.12,0.010131492,0.010080513
11/17/2020,1207.4,-0.99,-0.000819272,-0.000819608
11/18/2020,1215.74,8.34,0.006907404,0.006883658
11/19/2020,1207.46,-8.28,-0.006810667,-0.006833965
11/20/2020,1216.99,9.53,0.007892601,0.007861617
11/23/2020,1225.24,8.25,0.00677902,0.006756146
11/24/2020,1229.79,4.55,0.003713558,0.00370668
11/25/2020,1222.4,-7.39,-0.006009156,-0.006027284
11/26/2020,1233.73,11.33,0.009268652,0.009225961
11/27/2020,1233.43,-0.3,-0.000243165,-0.000243195
11/30/2020,1205.39,-28.04,-0.022733353,-0.02299574
12/1/2020,1227.3,21.91,0.01817669,0.018013469
12/2/2020,1228.8,1.5,0.001222195,0.001221449
12/3/2020,1239.31,10.51,0.00855306,0.00851669
12/4/2020,1246.68,7.37,0.005946858,0.005929245
12/7/2020,1247.74,1.06,0.000850258,0.000849897
12/8/2020,1251.85,4.11,0.003293955,0.003288542
12/9/2020,1250.17,-1.68,-0.001342014,-0.001342915
12/10/2020,1249.38,-0.79,-0.000631914,-0.000632114
12/11/2020,1253.02,3.64,0.002913445,0.002909209
12/14/2020,1243.26,-9.76,-0.007789181,-0.007819675
12/15/2020,1242.42,-0.84,-0.000675643,-0.000675871
12/16/2020,1257.27,14.85,0.01195248,0.011881613
12/17/2020,1268.09,10.82,0.008605948,0.008569128
12/18/2020,1263.83,-4.26,-0.003359383,-0.003365038
12/21/2020,1249.42,-14.41,-0.01140185,-0.011467349
12/22/2020,1243.96,-5.46,-0.004370028,-0.004379604
12/23/2020,1250.25,6.29,0.005056433,0.005043692
12/24/2020,1239.17,-11.08,-0.008862228,-0.008901731
12/25/2020,1240.38,1.21,0.00097646,0.000975984
12/28/2020,1235.65,-4.73,-0.003813348,-0.003820637
12/29/2020,1250.48,14.83,0.01200178,0.01193033
12/30/2020,1270.75,20.27,0.016209775,0.0160798
12/31/2020,1272.72,1.97,0.001550266,0.001549065
1/1/2021,1243.26,9.6,0.0075429,-0.02341938
1/2/2021,1246.68,8.57,0.006893168,0.002747056
1/3/2021,1428.8,8.34,0.006689768,0.136350913
1/4/2021,1281.32,8.6,0.006019037,-0.108944135
1/5/2021,1293.05,11.73,0.009154622,0.009112972
1/6/2021,1292.32,-0.73,-0.000564557,-0.000564716
1/7/2021,1294.31,1.99,0.001539866,0.001538682
1/8/2021,1319.23,24.92,0.019253502,0.019070498
1/11/2021,1317.37,-1.86,-0.001409913,-0.001410908
1/12/2021,1323.63,6.26,0.004751892,0.004740637
1/13/2021,1336.26,12.63,0.009541941,0.009496705
1/14/2021,1348.2,11.94,0.008935387,0.008895702
1/15/2021,1342.77,-5.43,-0.004027592,-0.004035725
1/18/2021,1349.81,7.04,0.005242893,0.005229197
1/19/2021,1369.23,19.42,0.01438721,0.014284696
1/20/2021,1389.02,19.79,0.014453379,0.014349924
1/21/2021,1392.57,3.55,0.002555759,0.002552498
1/22/2021,1377.78,-14.79,-0.010620651,-0.010677453
1/25/2021,1394.99,17.21,0.012491109,0.012413739
1/26/2021,1374.76,-20.23,-0.014501896,-0.014608076
1/27/2021,1357.78,-16.98,-0.012351247,-0.012428157
1/28/2021,1339.66,-18.12,-0.013345314,-0.013435163
1/29/2021,1321.82,-17.84,-0.013316812,-0.013406276
2/1/2021,1352.35,30.53,0.023096942,0.022834245
2/2/2021,1372.99,20.64,0.015262321,0.015147024
2/3/2021,1384.39,11.4,0.008303047,0.008268766
2/4/2021,1383.1,-1.29,-0.000931818,-0.000932253
2/5/2021,1390.81,7.71,0.005574434,0.005558955
2/8/2021,1396.6,5.79,0.004163042,0.0041544
2/9/2021,1405.1,8.5,0.006086209,0.006067763
2/10/2021,1418.55,13.45,0.009572272,0.009526749
2/11/2021,1422.98,4.43,0.003122907,0.003118041
2/12/2021,1424.26,1.28,0.000899521,0.000899116
2/15/2021,1428.8,4.54,0.00318762,0.003182551
2/16/2021,1431.19,2.39,0.001672732,0.001671335
2/17/2021,1440.98,9.79,0.006840461,0.006817172
2/18/2021,1423.61,-17.37,-0.012054296,-0.012127539
2/19/2021,1425.44,1.83,0.001285464,0.001284639
2/22/2021,1033.99,-31.45,-0.022063363,-0.321055433
2/23/2021,1096.13,2.14,0.002069653,0.05836069
2/24/2021,1076.7,-19.43,-0.017726,-0.017884987
2/25/2021,1379.13,2.43,0.002256896,0.247552058
2/26/2021,1334.58,-44.55,-0.032302974,-0.03283623
3/1/2021,1360.89,26.31,0.019714067,0.019522262
3/2/2021,1356.7,-4.19,-0.003078868,-0.003083617
3/3/2021,1379.95,23.25,0.017137171,0.016991986
3/4/2021,1350.4,-29.55,-0.021413819,-0.021646422
3/5/2021,1343.87,-6.53,-0.004835604,-0.004847334
3/8/2021,1314.24,-29.63,-0.022048264,-0.022294959
3/9/2021,1325.47,11.23,0.008544862,0.008508562
3/10/2021,1336.52,11.05,0.008336665,0.008302107
3/11/2021,1368.14,31.62,0.023658456,0.023382932
3/12/2021,1352.87,-15.27,-0.011161138,-0.011223891
3/15/2021,1241.41,-8.26,-0.006105539,-0.085980431
3/16/2021,1350.87,6.26,0.005042653,0.084500999
3/17/2021,1344.33,-6.54,-0.004841324,-0.004853082
3/18/2021,1350.12,5.79,0.004306978,0.00429773
3/19/2021,1339.7,-10.42,-0.007717832,-0.007747769
3/22/2021,1340.24,0.54,0.000403075,0.000402994
3/23/2021,1327.69,-12.55,-0.009363995,-0.009408112
3/24/2021,1303.31,-24.38,-0.01836272,-0.018533408
3/25/2021,1291.32,-11.99,-0.009199653,-0.009242231
3/26/2021,1308.3,16.98,0.013149336,0.013063634
3/29/2021,1310.12,1.82,0.001391118,0.001390152
3/30/2021,1320.85,10.73,0.008190089,0.008156733
3/31/2021,1316.92,-3.93,-0.002975357,-0.002979792
4/1/2021,1341.59,24.67,0.018733105,0.018559801
4/2/2021,1342.5,0.91,0.0006783,0.00067807
4/5/2021,1341.48,-1.02,-0.000759777,-0.000760065
4/6/2021,1346.98,5.5,0.004099949,0.004091567
4/7/2021,1336.9,-10.08,-0.007483407,-0.007511549
4/8/2021,1340.91,4.01,0.002999476,0.002994987
4/9/2021,1329.33,-11.58,-0.008635926,-0.008673432
4/12/2021,1317.69,-11.64,-0.008756291,-0.008794852
4/13/2021,1318.39,0.7,0.000531233,0.000531092
4/14/2021,1333.93,15.54,0.011787104,0.011718177
4/15/2021,1337.84,3.91,0.002931188,0.002926901
4/16/2021,1347.65,9.81,0.007332715,0.007305962
4/19/2021,1348.34,0.69,0.000512002,0.000511871
4/20/2021,1345.97,-2.37,-0.001757717,-0.001759263
4/21/2021,1335.84,-10.13,-0.007526171,-0.007554635
4/22/2021,1340.59,4.75,0.003555815,0.003549508
4/23/2021,1352.78,12.19,0.009093011,0.009051919
4/26/2021,1359.09,6.31,0.004664469,0.004653624
4/27/2021,1359.28,0.19,0.000139799,0.00013979
4/28/2021,1366.89,7.61,0.005598552,0.005582939
4/29/2021,1366.82,-0.07,-5.12E-05,-5.12E-05
4/30/2021,1347.91,-18.91,-0.013835033,-0.013931629
5/3/2021,1340.8,-7.11,-0.005274833,-0.005288794
5/4/2021,1336.16,-4.64,-0.003460621,-0.003466622
5/5/2021,1332.47,-3.69,-0.002761645,-0.002765466
5/6/2021,1343.15,10.68,0.00801519,0.007983239
5/7/2021,1350.96,7.81,0.005814689,0.005797849
5/10/2021,1345.8,-5.16,-0.003819506,-0.003826819
5/11/2021,1325.54,-20.26,-0.015054243,-0.015168708
5/12/2021,1318.62,-6.92,-0.005220514,-0.005234188
5/13/2021,1297.05,-21.57,-0.016358011,-0.01649328
5/14/2021,1306.85,9.8,0.007555607,0.007527206
5/17/2021,1313.33,6.48,0.004958488,0.004946235
5/18/2021,1336.05,22.72,0.017299536,0.017151603
5/19/2021,1329.9,-6.15,-0.004603121,-0.004613748
5/20/2021,1329.99,0.09,6.77E-05,6.77E-05
5/21/2021,1332,2.01,0.00151129,0.001510149
5/24/2021,1327.03,-4.97,-0.003731231,-0.00373821
5/25/2021,1347.37,20.34,0.015327461,0.015211182
5/26/2021,1354.12,6.75,0.00500976,0.004997253
5/27/2021,1356.77,2.65,0.001956991,0.001955078
5/28/2021,1362.6,5.83,0.00429697,0.004287764
5/31/2021,1379.1,16.5,0.012109203,0.012036473
6/1/2021,1393.55,14.45,0.010477848,0.010423336
6/2/2021,1393.89,0.34,0.000243981,0.000243951
6/3/2021,1385.9,-7.99,-0.00573216,-0.005748652
6/4/2021,1384.1,-1.8,-0.001298795,-0.001299639
6/7/2021,1381.95,-2.15,-0.001553356,-0.001554564
6/8/2021,1378.87,-3.08,-0.002228735,-0.002231222
6/9/2021,1376.8,-2.07,-0.001501229,-0.001502357
6/10/2021,1382.99,6.19,0.004495933,0.004485856
6/11/2021,1383.75,0.76,0.000549534,0.000549383
6/14/2021,1385.72,1.97,0.001423668,0.001422655
6/15/2021,1380.37,-5.35,-0.003860809,-0.003868281
6/16/2021,1369.26,-11.11,-0.008048567,-0.008081131
6/17/2021,1362.11,-7.15,-0.005221799,-0.00523548
6/18/2021,1360.85,-1.26,-0.000925035,-0.000925464
6/21/2021,1349.18,-11.67,-0.008575523,-0.008612504
6/22/2021,1342.39,-6.79,-0.005032687,-0.005045393
6/23/2021,1358.26,15.87,0.011822198,0.011752861
6/24/2021,1363.78,5.52,0.004064023,0.004055787
6/25/2021,1375.4,11.62,0.008520436,0.008484342
6/28/2021,1375.12,-0.28,-0.000203577,-0.000203598
6/29/2021,1372.18,-2.94,-0.002137995,-0.002140284
6/30/2021,1367.21,-4.97,-0.003621974,-0.003628549
7/1/2021,1362.31,-4.9,-0.003583941,-0.003590379
7/2/2021,1348.51,-13.8,-0.010129853,-0.010181509
7/5/2021,1346.11,-2.4,-0.001779742,-0.001781328
7/6/2021,1336.22,-9.89,-0.007347096,-0.007374219
7/7/2021,1332.58,-3.64,-0.002724102,-0.002727819
7/8/2021,1306.61,-25.97,-0.019488511,-0.019680916
7/9/2021,1312.52,5.91,0.004523155,0.004512957
7/12/2021,1320.29,7.77,0.00591991,0.005902456
7/13/2021,1333.45,13.16,0.009967507,0.009918159
7/14/2021,1334.38,0.93,0.000697439,0.000697196
7/15/2021,1343.19,8.81,0.006602317,0.006580617
7/16/2021,1333.8,-9.39,-0.00699082,-0.007015371
7/19/2021,1310.45,-23.35,-0.017506373,-0.017661422
7/20/2021,1303.56,-6.89,-0.005257736,-0.005271606
7/21/2021,1305.59,2.03,0.001557274,0.001556063
7/22/2021,1319.88,14.29,0.010945243,0.010885777
7/23/2021,1302.4,-17.48,-0.013243628,-0.013332107
7/26/2021,1269.65,-32.75,-0.025145885,-0.025467444
7/27/2021,1238.13,-31.52,-0.024825739,-0.025139095
7/28/2021,1254.58,16.45,0.013286165,0.013198678
7/29/2021,1285.98,31.4,0.025028296,0.024720218
7/30/2021,1269.57,-16.41,-0.012760696,-0.012842813
8/2/2021,1285.26,15.69,0.012358515,0.012282772
8/3/2021,1284.93,-0.33,-0.000256757,-0.00025679
8/4/2021,1292.99,8.06,0.006272715,0.006253124
8/5/2021,1288.56,-4.43,-0.003426167,-0.00343205
8/6/2021,1280.78,-7.78,-0.006037748,-0.006056048
8/9/2021,1283.1,2.32,0.001811396,0.001809758
8/10/2021,1293.11,10.01,0.007801418,0.007771145
8/11/2021,1294.02,0.91,0.00070373,0.000703482
8/12/2021,1288.78,-5.24,-0.004049396,-0.004057617
8/13/2021,1282.77,-6.01,-0.004663325,-0.004674232
8/16/2021,1273.9,-8.87,-0.006914724,-0.006938741
8/17/2021,1258.35,-15.55,-0.01220661,-0.012281722
8/18/2021,1263.28,4.93,0.003917829,0.003910174
8/19/2021,1234.88,-28.4,-0.02248116,-0.022737714
8/20/2021,1222.55,-12.33,-0.009984776,-0.010034958
8/23/2021,1239.51,16.96,0.013872643,0.013777299
8/24/2021,1271.22,31.71,0.02558269,0.025260929
8/25/2021,1277.25,6.03,0.004743475,0.00473226
8/26/2021,1269.32,-7.93,-0.006208651,-0.006228005
8/27/2021,1278.23,8.91,0.007019507,0.006994984
8/30/2021,1292.09,13.86,0.010843119,0.010784754
8/31/2021,1313.62,21.53,0.016662926,0.016525623
9/1/2021,1316.67,3.05,0.002321828,0.002319137
9/2/2021,1317.52,0.85,0.000645568,0.00064536
9/3/2021,1320.68,3.16,0.002398446,0.002395574
9/6/2021,1331.3,10.62,0.008041312,0.008009153
9/7/2021,1333.09,1.79,0.00134455,0.001343647
9/8/2021,1323.28,-9.81,-0.007358843,-0.007386053
9/9/2021,1309.14,-14.14,-0.010685569,-0.01074307
9/10/2021,1319.03,9.89,0.007554578,0.007526185
9/13/2021,1311.37,-7.66,-0.005807298,-0.005824226
9/14/2021,1303.56,-7.81,-0.005955604,-0.005973409
9/15/2021,1294.41,-9.15,-0.00701924,-0.00704399
9/16/2021,1282.78,-11.63,-0.008984788,-0.009025395
9/17/2021,1283.98,1.2,0.000935468,0.000935031
9/20/2021,1259.99,-23.99,-0.018684092,-0.018860844
9/21/2021,1264.52,4.53,0.003595267,0.003588819
9/22/2021,1265.68,1.16,0.000917344,0.000916924
9/23/2021,1278.66,12.98,0.010255357,0.010203127
9/24/2021,1270.79,-7.87,-0.006154881,-0.0061739
9/27/2021,1272.47,1.68,0.001322012,0.001321139
9/28/2021,1269.42,-3.05,-0.002396913,-0.00239979
9/29/2021,1262.54,-6.88,-0.005419798,-0.005434538
9/30/2021,1263.42,0.88,0.000697008,0.000696765
10/1/2021,1260.55,-2.87,-0.002271612,-0.002274196
10/4/2021,1248.94,-11.61,-0.009210265,-0.009252942
10/5/2021,1252.35,3.41,0.002730315,0.002726595
10/6/2021,1243.2,-9.15,-0.007306264,-0.007333086
10/7/2021,1269.74,26.54,0.021348134,0.021123454
10/8/2021,1274.13,4.39,0.003457401,0.003451438
10/11/2021,1284.65,10.52,0.008256614,0.008222715
10/12/2021,1275.26,-9.39,-0.007309384,-0.007336228
10/13/2021,1280.18,4.92,0.003858037,0.003850614
10/14/2021,1283.93,3.75,0.002929276,0.002924994
10/15/2021,1302.51,18.58,0.014471194,0.014367486
10/18/2021,1302.49,-0.02,-1.54E-05,-1.54E-05
10/19/2021,1311.1,8.61,0.006610415,0.006588662
10/20/2021,1318.62,7.52,0.005735642,0.005719256
10/21/2021,1309.09,-9.53,-0.007227253,-0.007253496
10/22/2021,1309.4,0.31,0.000236806,0.000236778
10/25/2021,1310.25,0.85,0.000649152,0.000648942
10/26/2021,1309.86,-0.39,-0.000297653,-0.000297697
10/27/2021,1295.81,-14.05,-0.010726337,-0.010784279
10/28/2021,1287.75,-8.06,-0.006220048,-0.006239473
10/29/2021,1277.19,-10.56,-0.008200349,-0.008234157
11/1/2021,1274.13,-3.06,-0.002395885,-0.002398759
11/2/2021,1272.68,-1.45,-0.001138031,-0.001138679
11/3/2021,1274.49,1.81,0.001422196,0.001421185
11/4/2021,1281.28,6.79,0.005327621,0.00531348
11/5/2021,1277.76,-3.52,-0.002747253,-0.002751033
11/8/2021,1283.67,5.91,0.004625282,0.004614618
11/9/2021,1288.67,5,0.003895082,0.003887516
11/10/2021,1292.63,3.96,0.003072936,0.003068224
11/11/2021,1297.61,4.98,0.003852611,0.003845208
11/12/2021,1300.62,3.01,0.002319649,0.002316963
11/15/2021,1302.21,1.59,0.001222494,0.001221747
11/16/2021,1306.73,4.52,0.003471022,0.003465012
11/17/2021,1306.58,-0.15,-0.00011479,-0.000114797
11/18/2021,1292.27,-14.31,-0.010952257,-0.011012675
11/19/2021,1285.53,-6.74,-0.005215628,-0.005229277
11/22/2021,1273.81,-11.72,-0.009116862,-0.009158675
11/23/2021,1266.83,-6.98,-0.005479624,-0.005494692
11/24/2021,1263.09,-3.74,-0.002952251,-0.002956617
11/25/2021,1267.35,4.26,0.003372681,0.003367007
11/26/2021,1232.27,-35.08,-0.027679804,-0.028070109
11/29/2021,1229.83,-2.44,-0.001980086,-0.001982048
11/30/2021,1225.93,-3.9,-0.00317117,-0.003176209
12/1/2021,1238.27,12.34,0.010065828,0.010015505
12/2/2021,1248.02,9.75,0.007873889,0.007843051
12/3/2021,1236.27,-11.75,-0.009414913,-0.009459514
12/6/2021,1223.48,-12.79,-0.010345636,-0.010399525
12/7/2021,1246.2,22.72,0.018569981,0.018399664
12/8/2021,1251.81,5.61,0.004501685,0.004491583
12/9/2021,1257.56,5.75,0.004593349,0.004582832
12/10/2021,1249.28,-8.28,-0.006584179,-0.00660595
12/13/2021,1240.6,-8.68,-0.006948002,-0.006972252
12/14/2021,1232.55,-8.05,-0.006488796,-0.006509939
12/15/2021,1223.82,-8.73,-0.007082877,-0.00710808
12/16/2021,1233.18,9.36,0.007648184,0.007619084
12/17/2021,1224.19,-8.99,-0.007290096,-0.007316798
12/20/2021,1199.96,-24.23,-0.019792679,-0.019991178
12/21/2021,1213.46,13.5,0.011250375,0.01118756
12/22/2021,1219.92,6.46,0.00532362,0.0053095
12/23/2021,1231.68,11.76,0.009639976,0.009593808
12/24/2021,1229.72,-1.96,-0.001591322,-0.00159259
12/27/2021,1234.23,4.51,0.003667502,0.003660793
12/28/2021,1239.04,4.81,0.003897167,0.003889592
12/29/2021,1231.75,-7.29,-0.005883587,-0.005900964
12/30/2021,1236.52,4.77,0.003872539,0.00386506
12/31/2021,1247,10.48,0.008475399,0.008439684
1/1/2022,1270.15,1.83,0.001467522,0.018394337
1/3/2022,1248.84,1.84,0.001448648,-0.016919883
1/4/2022,1253.67,4.83,0.003867589,0.003860129
1/5/2022,1243.74,-9.93,-0.007920745,-0.00795228
1/6/2022,1238.78,-4.96,-0.003987972,-0.003995945
1/7/2022,1246.14,7.36,0.005941329,0.005923749
1/10/2022,1255.23,9.09,0.007294525,0.007268049
1/11/2022,1266.88,11.65,0.009281168,0.009238362
1/12/2022,1291.98,25.1,0.019812453,0.01961874
1/13/2022,1290.07,-1.91,-0.001478351,-0.001479445
1/14/2022,1286.9,-3.17,-0.002457231,-0.002460255
1/17/2022,1285.64,-1.26,-0.000979097,-0.000979577
1/18/2022,1270.14,-15.5,-0.012056252,-0.012129518
1/19/2022,1270.57,0.43,0.000338545,0.000338488
1/20/2022,1288.87,18.3,0.014402984,0.014300247
1/21/2022,1278.67,-10.2,-0.007913909,-0.00794539
1/24/2022,1256.91,-21.76,-0.017017682,-0.017164147
1/25/2022,1248.65,-8.26,-0.006571672,-0.00659336
1/26/2022,1251.41,2.76,0.002210387,0.002207948
1/27/2022,1236.77,-14.64,-0.011698804,-0.011767773
1/28/2022,1231.45,-5.32,-0.004301527,-0.004310806
1/31/2022,1250.46,19.01,0.015437086,0.015319147
2/1/2022,1257.32,6.86,0.005485981,0.005470988
2/2/2022,1256.57,-0.75,-0.000596507,-0.000596685
2/3/2022,1252.54,-4.03,-0.003207143,-0.003212297
2/4/2022,1261.78,9.24,0.00737701,0.007349933
2/7/2022,1262.21,0.43,0.000340788,0.00034073
2/8/2022,1261.64,-0.57,-0.000451589,-0.000451691
2/9/2022,1281.03,19.39,0.015368885,0.01525198
2/10/2022,1292.95,11.92,0.009305012,0.009261987
2/11/2022,1283.93,-9.02,-0.006976295,-0.007000743
2/14/2022,1262.75,-21.18,-0.016496226,-0.016633804
2/15/2022,1273.01,10.26,0.008125124,0.008092293
2/16/2022,1287.68,14.67,0.011523869,0.011457975
2/17/2022,1286.82,-0.86,-0.000667868,-0.000668091
2/18/2022,1274.83,-11.99,-0.009317542,-0.009361222
2/21/2022,1258.88,-15.95,-0.012511472,-0.0125904
2/22/2022,1246.78,-12.1,-0.009611718,-0.009658209
2/23/2022,1247.26,0.48,0.000384992,0.000384918
2/24/2022,1192.63,-54.63,-0.04380001,-0.044788193
2/25/2022,1210.11,17.48,0.014656683,0.014550312
2/28/2022,1208.65,-1.46,-0.001206502,-0.00120723
3/1/2022,1216.36,7.71,0.006379018,0.006358758
3/2/2022,1207.48,-8.88,-0.00730047,-0.007327249
3/3/2022,1211.05,3.57,0.002956571,0.002952209
3/4/2022,1162.12,-48.93,-0.040402956,-0.041241829
3/7/2022,1126.66,-35.46,-0.0305132,-0.03098842
3/8/2022,1114.49,-12.17,-0.010801839,-0.010860602
3/9/2022,1126,11.51,0.010327594,0.010274629
3/10/2022,1137.49,11.49,0.010204263,0.010152551
3/11/2022,1121.56,-15.93,-0.014004519,-0.014103507
3/14/2022,1088.85,-32.71,-0.029164735,-0.02959848
3/15/2022,1056.83,-32.02,-0.029407173,-0.029848232
3/16/2022,1114.06,57.23,0.054152513,0.052737139
3/17/2022,1155.8,41.74,0.037466564,0.036781745
3/18/2022,1156.44,0.64,0.000553729,0.000553576
3/21/2022,1150.09,-6.35,-0.00549099,-0.00550612
3/22/2022,1167.14,17.05,0.014824927,0.014716112
3/23/2022,1175.94,8.8,0.007539798,0.007511516
3/24/2022,1174.37,-1.57,-0.001335102,-0.001335994
3/25/2022,1160.99,-13.38,-0.011393343,-0.011458744
3/28/2022,1160.84,-0.15,-0.0001292,-0.000129208
3/29/2022,1173.54,12.7,0.010940354,0.010880941
3/30/2022,1187.61,14.07,0.011989366,0.011918062
3/31/2022,1179.97,-7.64,-0.006433088,-0.00645387
4/1/2022,1185.87,5.9,0.005000127,0.004987668
4/4/2022,1203.26,17.39,0.014664339,0.014557858
4/5/2022,1198.58,-4.68,-0.003889434,-0.003897017
4/6/2022,1184.07,-14.51,-0.012105992,-0.012179866
4/7/2022,1166.4,-17.67,-0.014923104,-0.015035574
4/8/2022,1170.5,4.1,0.003515089,0.003508926
4/11/2022,1152.03,-18.47,-0.015779581,-0.015905404
4/12/2022,1152.36,0.33,0.000286451,0.00028641
4/13/2022,1158.03,5.67,0.004920337,0.004908272
4/14/2022,1158.2,0.17,0.000146801,0.00014679
4/15/2022,1154.67,-3.53,-0.003047833,-0.003052487
4/18/2022,1147.83,-6.84,-0.00592377,-0.005941386
4/19/2022,1132.81,-15.02,-0.013085561,-0.013171932
4/20/2022,1134.02,1.21,0.00106814,0.00106757
4/21/2022,1125.19,-8.83,-0.007786459,-0.007816932
4/22/2022,1113.33,-11.86,-0.010540442,-0.010596386
4/25/2022,1081.14,-32.19,-0.02891326,-0.029339484
4/26/2022,1087.06,5.92,0.005475702,0.005460764
4/27/2022,1082.92,-4.14,-0.003808437,-0.003815708
4/28/2022,1093.61,10.69,0.009871459,0.009823054
4/29/2022,1114.48,20.87,0.019083586,0.018903778
5/2/2022,1111.02,-3.46,-0.003104587,-0.003109416
5/3/2022,1107.89,-3.13,-0.002817231,-0.002821207
5/4/2022,1099.28,-8.61,-0.00777153,-0.007801885
5/5/2022,1094.81,-4.47,-0.004066298,-0.004074588
5/6/2022,1064.66,-30.15,-0.027539025,-0.027925333
5/9/2022,1047.23,-17.43,-0.016371424,-0.016506916
5/10/2022,1038.67,-8.56,-0.008173945,-0.008207534
5/11/2022,1044.97,6.3,0.006065449,0.006047128
5/12/2022,1021.49,-23.48,-0.022469545,-0.022725831
5/13/2022,1037.07,15.58,0.01525223,0.015137084
5/16/2022,1041.34,4.27,0.004117369,0.004108916
5/17/2022,1066.17,24.83,0.023844278,0.023564442
5/18/2022,1068.03,1.86,0.001744562,0.001743042
5/19/2022,1047.82,-20.21,-0.018922689,-0.019104015
5/20/2022,1068.81,20.99,0.020032067,0.019834065
5/23/2022,1066.76,-2.05,-0.001918021,-0.001919863
5/24/2022,1049.89,-16.87,-0.015814241,-0.015940621
5/25/2022,1051.1,1.21,0.001152502,0.001151838
5/26/2022,1055.48,4.38,0.004167063,0.004158405
5/27/2022,1077.52,22.04,0.020881495,0.020666465
5/30/2022,1100.21,22.69,0.021057614,0.020838966
5/31/2022,1113.67,13.46,0.012234028,0.012159797
6/1/2022,1100.94,-12.73,-0.011430675,-0.011496507
6/2/2022,1096.85,-4.09,-0.003715007,-0.003721925
6/3/2022,1094.19,-2.66,-0.002425126,-0.002428072
6/6/2022,1105.43,11.24,0.010272439,0.010220036
6/7/2022,1096.12,-9.31,-0.008422062,-0.008457728
6/8/2022,1109.73,13.61,0.012416524,0.012340071
6/9/2022,1101.86,-7.87,-0.007091815,-0.007117082
6/10/2022,1090.19,-11.67,-0.010591182,-0.010647668
6/13/2022,1052.92,-37.27,-0.034186701,-0.034784736
6/14/2022,1054.09,1.17,0.001111196,0.001110579
6/15/2022,1059.56,5.47,0.00518931,0.005175892
6/16/2022,1044.23,-15.33,-0.01446827,-0.014573956
6/17/2022,1039.5,-4.73,-0.004529653,-0.004539943
6/20/2022,1038.35,-1.15,-0.001106301,-0.001106914
6/21/2022,1057.32,18.97,0.01826937,0.01810449
6/22/2022,1034.42,-22.9,-0.021658533,-0.021896522
6/23/2022,1036.76,2.34,0.002262137,0.002259582
6/24/2022,1052.05,15.29,0.014747868,0.014640176
6/27/2022,1068.03,15.98,0.015189392,0.015075188
6/28/2022,1070.06,2.03,0.001900696,0.001898892
6/29/2022,1054.44,-15.62,-0.014597312,-0.014704901
6/30/2022,1041.37,-13.07,-0.012395205,-0.012472666
7/1/2022,1032.96,-8.41,-0.0080759,-0.008108687
7/4/2022,1031.85,-1.11,-0.001074582,-0.00107516
7/5/2022,1027.06,-4.79,-0.004642148,-0.004652956
7/6/2022,1018.15,-8.91,-0.008675248,-0.008713097
7/7/2022,1031.43,13.28,0.013043265,0.012958934
7/8/2022,1036.24,4.81,0.004663428,0.004652588
7/11/2022,1016.71,-19.53,-0.018846985,-0.019026853
7/12/2022,1002.76,-13.95,-0.013720727,-0.013815726
7/13/2022,1005.4,2.64,0.002632734,0.002629274
7/14/2022,999.32,-6.08,-0.006047344,-0.006065704
7/15/2022,996.59,-2.73,-0.002731858,-0.002735596
7/18/2022,1014.42,17.83,0.017891008,0.017732848
7/19/2022,1013.57,-0.85,-0.000837917,-0.000838268
7/20/2022,1020.14,6.57,0.006482039,0.006461121
7/21/2022,1022.93,2.79,0.002734919,0.002731186
7/22/2022,1025.5,2.57,0.002512391,0.00250924
7/25/2022,1021.75,-3.75,-0.003656753,-0.003663455
7/26/2022,1023.48,1.73,0.001693173,0.001691742
7/27/2022,1024.13,0.65,0.000635088,0.000634887
7/28/2022,1031.44,7.31,0.007137766,0.007112412
7/29/2022,1026.85,-4.59,-0.004450089,-0.00446002
8/1/2022,1029.73,2.88,0.002804694,0.002800768
8/2/2022,1017.32,-12.41,-0.012051703,-0.012124913
8/3/2022,1018.4,1.08,0.001061613,0.00106105
8/4/2022,1027.42,9.02,0.008857031,0.008818037
8/5/2022,1035.57,8.15,0.007932491,0.007901194
8/8/2022,1035.8,0.23,0.0002221,0.000222075
8/9/2022,1035.94,0.14,0.000135161,0.000135152
8/10/2022,1033.15,-2.79,-0.002693206,-0.002696839
8/11/2022,1050.17,17.02,0.016473891,0.016339668
8/12/2022,1053.16,2.99,0.002847158,0.002843113
8/15/2022,1051.08,-2.08,-0.001975009,-0.001976961
8/16/2022,1050.82,-0.26,-0.000247365,-0.000247395
8/17/2022,1053.66,2.84,0.002702651,0.002699006
8/18/2022,1048.04,-5.62,-0.005333789,-0.005348064
8/19/2022,1039.86,-8.18,-0.007805046,-0.007835664
8/22/2022,1031.53,-8.33,-0.008010694,-0.008042952
8/23/2022,1031.35,-0.18,-0.000174498,-0.000174513
8/24/2022,1026.75,-4.6,-0.004460174,-0.00447015
8/25/2022,1044.59,17.84,0.017375213,0.01722599
8/26/2022,1048.63,4.04,0.003867546,0.003860086
8/29/2022,1035.41,-13.22,-0.012606925,-0.012687067
8/30/2022,1035.09,-0.32,-0.000309056,-0.000309104
8/31/2022,1033.43,-1.66,-0.001603725,-0.001605013
9/1/2022,1017.27,-16.16,-0.015637247,-0.015760798
9/2/2022,1014.24,-3.03,-0.00297856,-0.002983005
9/5/2022,1010.6,-3.64,-0.003588894,-0.00359535
9/6/2022,1007.65,-2.95,-0.002919058,-0.002923327
9/7/2022,999.85,-7.8,-0.007740783,-0.007770898
9/8/2022,999.71,-0.14,-0.000140021,-0.000140031
9/9/2022,1014.75,15.04,0.015044363,0.014932319
9/12/2022,1024.9,10.15,0.010002464,0.00995277
9/13/2022,1021.31,-3.59,-0.003502781,-0.00350893
9/14/2022,1004.42,-16.89,-0.016537584,-0.016675857
9/15/2022,1001.12,-3.3,-0.003285478,-0.003290887
9/16/2022,984.46,-16.66,-0.016641362,-0.016781385
9/19/2022,979.73,-4.73,-0.004804664,-0.004816244
9/20/2022,988.37,8.64,0.008818756,0.008780098
9/21/2022,974.2,-14.17,-0.014336736,-0.0144405
9/22/2022,965.96,-8.24,-0.008458222,-0.008494196
9/23/2022,947.3,-18.66,-0.01931757,-0.019506593
9/26/2022,931.8,-15.5,-0.016362293,-0.016497633
9/27/2022,934.44,2.64,0.002833226,0.00282922
9/28/2022,919.3,-15.14,-0.016202217,-0.016334909
9/29/2022,915.92,-3.38,-0.003676711,-0.003683486
9/30/2022,918.67,2.75,0.003002446,0.002997947
10/3/2022,918.52,-0.15,-0.00016328,-0.000163293
10/4/2022,935.49,16.97,0.018475373,0.018306777
10/5/2022,953.47,17.98,0.019219874,0.019037505
10/6/2022,954.26,0.79,0.000828553,0.000828209
10/7/2022,940.36,-13.9,-0.014566261,-0.01467339
10/10/2022,925.92,-14.44,-0.015355821,-0.015474943
10/11/2022,905.34,-20.58,-0.022226542,-0.022477274
10/12/2022,903.51,-1.83,-0.00202134,-0.002023386
10/13/2022,892.7,-10.81,-0.01196445,-0.0120366
10/14/2022,900.83,8.13,0.009107203,0.009065982
10/17/2022,903.27,2.44,0.002708613,0.002704951
10/18/2022,916.65,13.38,0.014812847,0.014704208
10/19/2022,903.01,-13.64,-0.014880271,-0.014992092
10/20/2022,902.42,-0.59,-0.00065337,-0.000653584
10/21/2022,902.78,0.36,0.000398927,0.000398848
10/24/2022,877.41,-25.37,-0.028102085,-0.028504505
10/25/2022,877.97,0.56,0.000638242,0.000638039
10/26/2022,884.77,6.8,0.007745139,0.0077153
10/27/2022,892.42,7.65,0.008646315,0.00860915
10/28/2022,878.59,-13.83,-0.015497187,-0.015618524
10/31/2022,879.95,1.36,0.001547935,0.001546738
11/1/2022,901.13,21.18,0.024069549,0.023784444
11/2/2022,907.62,6.49,0.007202069,0.007176257
11/3/2022,894.42,-13.2,-0.014543531,-0.014650325
11/4/2022,920.67,26.25,0.029348628,0.028926202
11/7/2022,932.98,12.31,0.013370697,0.013282099
11/8/2022,933.23,0.25,0.000267959,0.000267923
11/9/2022,931.52,-1.71,-0.001832346,-0.001834027
11/10/2022,921.18,-10.34,-0.011100137,-0.011162204
11/11/2022,964.96,43.78,0.047525999,0.046431193
11/14/2022,971.54,6.58,0.006818935,0.006795792
11/15/2022,993.73,22.19,0.022840027,0.022583099
11/16/2022,988.03,-5.7,-0.005735964,-0.005752478
11/17/2022,976.73,-11.3,-0.0114369,-0.011502804
11/18/2022,977.48,0.75,0.000767868,0.000767574
11/21/2022,966.78,-10.7,-0.010946516,-0.011006869
11/22/2022,964.97,-1.81,-0.001872194,-0.001873949
11/23/2022,969.25,4.28,0.004435371,0.004425564
11/24/2022,981.91,12.66,0.013061646,0.012977078
11/25/2022,977.02,-4.89,-0.00498009,-0.004992532
11/28/2022,968.21,-8.81,-0.009017216,-0.009058117
11/29/2022,990.97,22.76,0.023507297,0.023235256
11/30/2022,1010.15,19.18,0.019354774,0.019169852
12/1/2022,1013.84,3.69,0.003652923,0.003646267
12/2/2022,1011.09,-2.75,-0.00271246,-0.002716145
12/5/2022,1023.41,12.32,0.01218487,0.012111232
12/6/2022,1014.36,-9.05,-0.008842986,-0.008882317
12/7/2022,999.95,-14.41,-0.014206002,-0.014307873
12/8/2022,1011.41,11.46,0.011460573,0.011395398
12/9/2022,1018.83,7.42,0.007336293,0.007309513
12/12/2022,1002.48,-16.35,-0.01604782,-0.01617798
12/13/2022,1004.74,2.26,0.002254409,0.002251872
12/14/2022,1012.43,7.69,0.007653721,0.00762458
12/15/2022,999.37,-13.06,-0.012899657,-0.01298358
12/16/2022,996.19,-3.18,-0.003182005,-0.003187078
12/19/2022,998.31,2.12,0.002128108,0.002125847
12/20/2022,990.63,-7.68,-0.007693001,-0.007722745
12/21/2022,993.33,2.7,0.002725538,0.002721831
12/22/2022,1004.09,10.76,0.010832251,0.010774003
12/23/2022,996.35,-7.74,-0.007708472,-0.007738336
12/26/2022,998.35,2,0.002007327,0.002005315
12/27/2022,999.55,1.2,0.001201983,0.001201261
12/28/2022,1004.4,4.85,0.004852183,0.00484045
12/29/2022,1003.13,-1.27,-0.001264436,-0.001265237
12/30/2022,1001.65,-1.48,-0.001475382,-0.001476472
1/1/2023,1001.45,-0.2,-0.000199671,-0.00019969
1/2/2023,1001.45,-0.2,-0.00019971,0
1/3/2023,1009.51,8.06,0.00804833,0.008016115
1/4/2023,1019.38,9.87,0.009777021,0.009729535
1/5/2023,1029.58,10.2,0.010006082,0.009956353
1/6/2023,1033,3.42,0.003321743,0.003316238
1/9/2023,1056.41,23.41,0.022662149,0.022409177
1/10/2023,1057.6,1.19,0.001126457,0.001125823
1/11/2023,1061.51,3.91,0.00369705,0.003690233
1/12/2023,1063.11,1.6,0.001507287,0.001506152
1/13/2023,1074.82,11.71,0.011014853,0.010954631
1/16/2023,1073.56,-1.26,-0.001172289,-0.001172977
1/17/2023,1071.09,-2.47,-0.002300756,-0.002303407
1/18/2023,1076.08,4.99,0.004658806,0.004647987
1/19/2023,1071.91,-4.17,-0.003875177,-0.003882705
1/20/2023,1080.58,8.67,0.008088366,0.00805583
1/23/2023,1083.02,2.44,0.002258047,0.002255501
1/24/2023,1083.54,0.52,0.000480139,0.000480024
1/25/2023,1083.13,-0.41,-0.000378389,-0.000378461
1/26/2023,1093.83,10.7,0.009878777,0.009830301
1/27/2023,1091.24,-2.59,-0.002367827,-0.002370635
1/30/2023,1085.48,-5.76,-0.005278399,-0.005292379
1/31/2023,1074.49,-10.99,-0.010124553,-0.010176155
2/1/2023,1085.29,10.8,0.01005128,0.010001102
2/2/2023,1086.2,0.91,0.000838486,0.000838134
2/3/2023,1078.13,-8.07,-0.007429571,-0.007457308
2/6/2023,1055.38,-22.75,-0.021101351,-0.021327167
2/7/2023,1056.05,0.67,0.000634842,0.000634641
2/8/2023,1060.98,4.93,0.00466834,0.004657477
2/9/2023,1065.13,4.15,0.003911478,0.003903848
2/10/2023,1053.72,-11.41,-0.010712307,-0.010770097
2/13/2023,1055.92,2.2,0.002087841,0.002085665
2/14/2023,1055.65,-0.27,-0.000255701,-0.000255734
2/15/2023,1046.75,-8.9,-0.008430825,-0.008466565
2/16/2023,1051.69,4.94,0.004719369,0.004708268
2/17/2023,1041.32,-10.37,-0.00986032,-0.009909255
2/20/2023,1046.74,5.42,0.005204932,0.005191433
2/21/2023,1035.96,-10.78,-0.010298641,-0.010352039
2/22/2023,1023.96,-12,-0.011583459,-0.01165107
2/23/2023,1028.76,4.8,0.004687683,0.00467673
2/24/2023,1011.73,-17.03,-0.01655391,-0.016692457
2/27/2023,1008.77,-2.96,-0.002925682,-0.00292997
2/28/2023,1004.17,-4.6,-0.004560009,-0.004570437
3/1/2023,1028.69,24.52,0.024418176,0.024124818
3/2/2023,1022.74,-5.95,-0.005784055,-0.005800848
3/3/2023,1031.01,8.27,0.008086122,0.008053604
3/6/2023,1034.49,3.48,0.003375331,0.003369647
3/7/2023,1029.49,-5,-0.0048333,-0.004845018
3/8/2023,1020.98,-8.51,-0.008266229,-0.008300584
3/9/2023,1010.8,-10.18,-0.009970812,-0.010020854
3/10/2023,996.85,-13.95,-0.01380095,-0.013897068
3/13/2023,1000.73,3.88,0.003892261,0.003884705
3/14/2023,985.26,-15.47,-0.015458715,-0.015579447
3/15/2023,985.24,-0.02,-2.03E-05,-2.03E-05
3/16/2023,979.6,-5.64,-0.005724494,-0.005740941
3/17/2023,989.11,9.51,0.009708044,0.009661224
3/20/2023,980.36,-8.75,-0.008846337,-0.008885698
3/21/2023,991.61,11.25,0.011475376,0.011410034
3/22/2023,1001.06,9.45,0.009529956,0.009484833
3/23/2023,1016.22,15.16,0.015143947,0.015030423
3/24/2023,1012.14,-4.08,-0.004014879,-0.00402296
3/27/2023,1002.79,-9.35,-0.009237852,-0.009280786
3/28/2023,1009.81,7.02,0.007000469,0.006976079
3/29/2023,1020.34,10.53,0.010427704,0.010373711
3/30/2023,1024.99,4.65,0.004557304,0.004546951
3/31/2023,1028.03,3.04,0.002965883,0.002961493
4/3/2023,1028.55,0.52,0.000505822,0.000505694
4/4/2023,1026.88,-1.67,-0.001623645,-0.001624964
4/5/2023,1025.97,-0.91,-0.000886179,-0.000886572
4/6/2023,1025.39,-0.58,-0.000565319,-0.000565479
4/7/2023,1025.71,0.32,0.000312076,0.000312028
4/10/2023,1026.32,0.61,0.00059471,0.000594533
4/11/2023,1034,7.68,0.007483046,0.007455187
4/12/2023,1031.03,-2.97,-0.00287234,-0.002876474
4/13/2023,1033.84,2.81,0.00272543,0.002721723
4/14/2023,1036.84,3,0.002901803,0.002897601
4/17/2023,1041.01,4.17,0.004021836,0.00401377
4/18/2023,1037.52,-3.49,-0.003352513,-0.003358146
4/19/2023,1026.45,-11.07,-0.010669674,-0.010727003
4/20/2023,1026.06,-0.39,-0.00037995,-0.000380023
4/21/2023,1017.24,-8.82,-0.008595989,-0.008633147
4/24/2023,1015.63,-1.61,-0.001582714,-0.001583968
4/25/2023,1003.53,-12.1,-0.011913788,-0.011985325
4/26/2023,1007.39,3.86,0.003846422,0.003839044
4/27/2023,1011.62,4.23,0.00419897,0.004190179
4/28/2023,1016.58,4.96,0.004903027,0.004891046
5/1/2023,1016.24,-0.34,-0.000334455,-0.000334511
5/2/2023,1012.77,-3.47,-0.003414548,-0.003420391
5/3/2023,1009.4,-3.37,-0.003327508,-0.003333056
5/4/2023,1016.04,6.64,0.006578165,0.006556624
5/5/2023,1021.66,5.62,0.005531278,0.005516037
5/8/2023,1030.24,8.58,0.008398097,0.008363029
5/9/2023,1021.26,-8.98,-0.008716416,-0.008754626
5/10/2023,1019.23,-2.03,-0.001987741,-0.001989719
5/11/2023,1016.73,-2.5,-0.002452832,-0.002455845
5/12/2023,1012.3,-4.43,-0.004357106,-0.004366625
5/15/2023,1018.08,5.78,0.00570977,0.005693531
5/16/2023,1019.86,1.78,0.001748389,0.001746862
5/17/2023,1013.66,-6.2,-0.006079266,-0.00609782
5/18/2023,1015.37,1.71,0.001686956,0.001685535
5/19/2023,1011.67,-3.7,-0.003643992,-0.003650647
5/22/2023,1017.2,5.53,0.005466209,0.005451324
5/23/2023,1010.92,-6.28,-0.00617381,-0.006192947
5/24/2023,1003.42,-7.5,-0.007418985,-0.007446642
5/25/2023,996.25,-7.17,-0.007145562,-0.007171214
5/26/2023,1004.31,8.06,0.008090339,0.008057787
5/29/2023,1003.03,-1.28,-0.001274507,-0.00127532
5/30/2023,1000.15,-2.88,-0.0028713,-0.00287543
5/31/2023,988.14,-12.01,-0.012008199,-0.01208088
6/1/2023,991.9,3.76,0.003805129,0.003797908
6/2/2023,1015.45,23.55,0.023742313,0.023464847
6/5/2023,1018.56,3.11,0.003062682,0.003058001
6/6/2023,1020.68,2.12,0.00208137,0.002079207
6/7/2023,1029.73,9.05,0.008866638,0.00882756
6/8/2023,1028.24,-1.49,-0.001446981,-0.001448029
6/9/2023,1034.86,6.62,0.006438186,0.006417549
6/12/2023,1036.43,1.57,0.001517113,0.001515964
6/13/2023,1045.71,9.28,0.008953813,0.008913965
6/14/2023,1049.21,3.5,0.003347008,0.003341419
6/15/2023,1059.97,10.76,0.010255335,0.010203106
6/16/2023,1065.73,5.76,0.005434116,0.005419405
6/19/2023,1060.54,-5.19,-0.004869901,-0.004881798
6/20/2023,1048.72,-11.82,-0.011145266,-0.011207839
6/21/2023,1040.84,-7.88,-0.007513922,-0.007542293
6/22/2023,1036.49,-4.35,-0.004179317,-0.004188074
6/23/2023,1027.28,-9.21,-0.008885759,-0.008925472
6/26/2023,1023.94,-3.34,-0.003251304,-0.003256601
6/27/2023,1030.07,6.13,0.005986679,0.00596883
6/28/2023,1028.81,-1.26,-0.001223218,-0.001223967
6/29/2023,1024.55,-4.26,-0.004140706,-0.004149303
6/30/2023,1027.74,3.19,0.003113562,0.003108725
7/3/2023,1043.09,15.35,0.014935684,0.014825245
7/4/2023,1045.94,2.85,0.002732267,0.002728541
7/5/2023,1038.5,-7.44,-0.007113219,-0.007138638
7/6/2023,1019.68,-18.82,-0.018122292,-0.018288512
7/7/2023,1016.08,-3.6,-0.003530519,-0.003536766
7/10/2023,1017.27,1.19,0.001171168,0.001170482
7/11/2023,1029.4,12.13,0.011924071,0.01185354
7/12/2023,1040.52,11.12,0.010802409,0.01074448
7/13/2023,1055.55,15.03,0.014444701,0.01434137
7/14/2023,1062.29,6.74,0.006385297,0.006364997
7/17/2023,1061.87,-0.42,-0.000395372,-0.00039545
7/18/2023,1055.63,-6.24,-0.005876426,-0.00589376
7/19/2023,1052.32,-3.31,-0.003135568,-0.003140495
7/20/2023,1051.25,-1.07,-0.001016801,-0.001017318
7/21/2023,1047.55,-3.7,-0.00351962,-0.003525828
7/24/2023,1044.1,-3.45,-0.003293399,-0.003298834
7/25/2023,1065.38,21.28,0.02038119,0.020176273
7/26/2023,1066.9,1.52,0.001426721,0.001425704
7/27/2023,1071.47,4.57,0.004283438,0.00427429
7/28/2023,1080.29,8.82,0.008231682,0.008197986
7/31/2023,1084.4,4.11,0.003804534,0.003797315
8/1/2023,1078.58,-5.82,-0.005367023,-0.005381477
8/2/2023,1055.86,-22.72,-0.021064733,-0.02128976
8/3/2023,1050.85,-5.01,-0.004744947,-0.00475624
8/4/2023,1055.72,4.87,0.004634344,0.004623638
8/7/2023,1054.98,-0.74,-0.000700943,-0.000701189
8/8/2023,1042.33,-12.65,-0.011990749,-0.012063218
8/9/2023,1046.81,4.48,0.004298063,0.004288853
8/10/2023,1048.02,1.21,0.001155893,0.001155225
8/11/2023,1037.35,-10.67,-0.010181103,-0.010233285
8/14/2023,1024.92,-12.43,-0.011982455,-0.012054824
8/15/2023,1019.99,-4.93,-0.004810132,-0.004821737
8/16/2023,1016.23,-3.76,-0.003686311,-0.003693122
8/17/2023,1014.68,-1.55,-0.001525245,-0.00152641
8/18/2023,1004.32,-10.36,-0.010210116,-0.010262596
8/21/2023,999.26,-5.06,-0.005038235,-0.00505097
8/22/2023,1007.07,7.81,0.007815784,0.007785399
8/23/2023,1012.79,5.72,0.005679844,0.005663774
8/24/2023,1023.58,10.79,0.010653739,0.010597387
8/25/2023,1011.61,-11.97,-0.01169425,-0.011763165
8/28/2023,1018.71,7.1,0.007018515,0.006994
8/29/2023,1028.51,9.8,0.00962001,0.009574032
8/30/2023,1028.44,-0.07,-6.81E-05,-6.81E-05
8/31/2023,1018.85,-9.59,-0.009324803,-0.009368551
9/1/2023,1022.95,4.1,0.004024145,0.00401607
9/4/2023,1034.33,11.38,0.011124688,0.011063264
9/5/2023,1023.7,-10.63,-0.010277184,-0.010330359
9/6/2023,1019.92,-3.78,-0.003692488,-0.003699322
9/7/2023,1012.47,-7.45,-0.007304494,-0.007331303
9/8/2023,1013.29,0.82,0.000809901,0.000809573
9/11/2023,1017.51,4.22,0.004164652,0.004156004
9/12/2023,1015.95,-1.56,-0.001533154,-0.001534331
9/13/2023,1015.16,-0.79,-0.000777597,-0.0007779
9/14/2023,1021.91,6.75,0.006649198,0.00662719
9/15/2023,1024.03,2.12,0.002074547,0.002072398
9/18/2023,1015.63,-8.4,-0.008202885,-0.008236713
9/19/2023,1015.65,0.02,1.96922E-05,1.9692E-05
9/20/2023,1011.97,-3.68,-0.003623295,-0.003629875
9/21/2023,998.56,-13.41,-0.013251381,-0.013339964
9/22/2023,1005.99,7.43,0.007440715,0.007413169
9/25/2023,999.57,-6.42,-0.006381773,-0.006402224
9/26/2023,990.05,-9.52,-0.009524095,-0.00956974
9/27/2023,990.83,0.78,0.000787839,0.000787529
9/28/2023,985.5,-5.33,-0.005379328,-0.005393849
9/29/2023,995.5,10,0.010147133,0.010095997
10/2/2023,993.71,-1.79,-0.001798091,-0.00179971
10/3/2023,978.23,-15.48,-0.015577986,-0.015700597
10/4/2023,969.07,-9.16,-0.009363851,-0.009407968
10/5/2023,970.71,1.64,0.001692344,0.001690914
10/6/2023,977.64,6.93,0.007139104,0.007113742
10/9/2023,975.04,-2.6,-0.002659466,-0.002663008
10/10/2023,987.11,12.07,0.012378979,0.012302986
10/11/2023,999.98,12.87,0.013038061,0.012953797
10/12/2023,1005.56,5.58,0.005580112,0.0055646
10/13/2023,995.78,-9.78,-0.009725924,-0.00977353
10/16/2023,991.22,-4.56,-0.004579325,-0.004589842
10/17/2023,995.05,3.83,0.003863925,0.003856479
10/18/2023,984.27,-10.78,-0.010833626,-0.010892737
10/19/2023,974.89,-9.38,-0.009529905,-0.009575606
10/20/2023,970.44,-4.45,-0.004564618,-0.004575067
10/23/2023,962.82,-7.62,-0.007852108,-0.007883098
10/24/2023,963.33,0.51,0.000529694,0.000529554
10/25/2023,964.96,1.63,0.001692047,0.001690617
10/26/2023,956.9,-8.06,-0.008352678,-0.008387757
10/27/2023,965.98,9.08,0.009488975,0.009444237
10/30/2023,967.57,1.59,0.001645997,0.001644644
10/31/2023,961.95,-5.62,-0.005808365,-0.005825299
11/1/2023,961.63,-0.32,-0.000332658,-0.000332713
11/2/2023,977.22,15.59,0.016212057,0.016082045
11/3/2023,994.21,16.99,0.017386054,0.017236646
11/6/2023,1006.97,12.76,0.012834311,0.012752649
11/7/2023,1000.98,-5.99,-0.005948539,-0.005966302
11/8/2023,1000.55,-0.43,-0.000429579,-0.000429671
11/9/2023,998.27,-2.28,-0.002278747,-0.002281347
11/10/2023,989.87,-8.4,-0.008414557,-0.008450159
11/13/2023,995.57,5.7,0.005758332,0.005741816
11/14/2023,1002.77,7.2,0.007232038,0.007206012
11/15/2023,1025.15,22.38,0.022318179,0.022072773
11/16/2023,1021.64,-3.51,-0.003423889,-0.003429764
11/17/2023,1018.69,-2.95,-0.002887514,-0.002891691
11/20/2023,1025.65,6.96,0.006832304,0.00680907
11/21/2023,1028.34,2.69,0.002622727,0.002619294
11/22/2023,1023.72,-4.62,-0.004492678,-0.0045028
11/23/2023,1028.58,4.86,0.004747392,0.004736159
11/24/2023,1022.54,-6.04,-0.005872173,-0.005889482
11/27/2023,1019.13,-3.41,-0.003334833,-0.003340406
11/28/2023,1025.29,6.16,0.006044371,0.006026177
11/29/2023,1022.25,-3.04,-0.002965015,-0.002969419
11/30/2023,1024.06,1.81,0.001770604,0.001769038
12/1/2023,1022.93,-1.13,-0.001103451,-0.00110406
12/4/2023,1018.89,-4.04,-0.003949439,-0.003957259
12/5/2023,1012.07,-6.82,-0.006693559,-0.006716061
12/6/2023,1015.58,3.51,0.00346814,0.003462139
12/7/2023,1011.73,-3.85,-0.003790937,-0.003798141
12/8/2023,1012.74,1.01,0.00099829,0.000997792
12/11/2023,1009.77,-2.97,-0.002932638,-0.002936947
12/12/2023,1011.69,1.92,0.001901423,0.001899618
12/13/2023,1011.51,-0.18,-0.00017792,-0.000177936
12/14/2023,1032.83,21.32,0.021077399,0.020858343
12/15/2023,1040.52,7.69,0.007445562,0.007417981
12/18/2023,1036.05,-4.47,-0.004295929,-0.004305183
12/19/2023,1037.61,1.56,0.001505719,0.001504586
12/20/2023,1033,-4.61,-0.004442902,-0.004452801
12/21/2023,1034.79,1.79,0.001732817,0.001731317
12/22/2023,1032.41,-2.38,-0.002299984,-0.002302633
12/25/2023,1033.05,0.64,0.000619909,0.000619717
12/26/2023,1038.24,5.19,0.005023958,0.00501138
12/27/2023,1050.75,12.51,0.012049237,0.011977223
12/28/2023,1062.74,11.99,0.011410897,0.011346284
12/29/2023,1063.88,1.14,0.001072699,0.001072124
1/1/2024,1065.85,1.15,0.001080949,0.00185
1/2/2024,1053.79,-10.09,-0.009466623,-0.011379414
1/3/2024,1040.77,-13.02,-0.012355403,-0.012432365
1/4/2024,1044.52,3.75,0.003603102,0.003596626
1/5/2024,1043.98,-0.54,-0.000516984,-0.000517118
1/8/2024,1038.97,-5.01,-0.004798943,-0.004810494
1/9/2024,1036.01,-2.96,-0.002848975,-0.002853041
1/10/2024,1034.11,-1.9,-0.001833959,-0.001835643
1/11/2024,1039.5,5.39,0.005212211,0.005198675
1/12/2024,1042.87,3.37,0.003241943,0.003236699
1/15/2024,1041.99,-0.88,-0.000843825,-0.000844181
1/16/2024,1026.61,-15.38,-0.014760218,-0.014870234
1/17/2024,1006.94,-19.67,-0.019160148,-0.019346083
1/18/2024,1009.65,2.71,0.002691322,0.002687707
1/19/2024,1021.67,12.02,0.011905116,0.011834807
1/22/2024,1015.17,-6.5,-0.006362133,-0.006382457
1/23/2024,1018.85,3.68,0.003625009,0.003618454
1/24/2024,1033.57,14.72,0.014447662,0.014344289
1/25/2024,1040.38,6.81,0.006588814,0.006567202
1/26/2024,1037.47,-2.91,-0.002797055,-0.002800974
1/29/2024,1044.07,6.6,0.00636163,0.00634148
1/30/2024,1034.39,-9.68,-0.009271409,-0.009314656
1/31/2024,1030.91,-3.48,-0.003364302,-0.003369974
2/1/2024,1035.74,4.83,0.004685181,0.00467424
2/2/2024,1036.75,1.01,0.000975148,0.000974673
2/5/2024,1033.69,-3.06,-0.002951531,-0.002955896
2/6/2024,1051.35,17.66,0.017084426,0.016940128
2/7/2024,1052.06,0.71,0.000675322,0.000675094
2/8/2024,1046.09,-5.97,-0.005674581,-0.005690743
2/9/2024,1043.15,-2.94,-0.002810466,-0.002814422
2/12/2024,1043.44,0.29,0.000278004,0.000277965
2/13/2024,1042.23,-1.21,-0.001159626,-0.001160299
2/14/2024,1046.75,4.52,0.004336855,0.004327478
2/16/2024,1068.22,8.41,0.008034392,0.020303586
2/19/2024,1066.63,-1.59,-0.001488457,-0.001489566
2/20/2024,1072.35,5.72,0.005362684,0.005348356
2/21/2024,1074.44,2.09,0.001948991,0.001947094
2/22/2024,1082.85,8.41,0.007827333,0.007796859
2/23/2024,1081.92,-0.93,-0.000858845,-0.000859214
2/26/2024,1078.91,-3.01,-0.002782091,-0.002785968
2/27/2024,1084.31,5.4,0.005005051,0.004992568
2/28/2024,1073.54,-10.77,-0.009932584,-0.009982241
2/29/2024,1075.85,2.31,0.00215176,0.002149448
3/1/2024,1079.62,3.77,0.003504206,0.003498081
3/4/2024,1085.92,6.3,0.005835387,0.005818427
3/5/2024,1079.1,-6.82,-0.006280389,-0.006300194
3/6/2024,1087.46,8.36,0.007747197,0.007717341
3/7/2024,1090.81,3.35,0.003080573,0.003075838
3/8/2024,1097.64,6.83,0.006261402,0.006241881
3/11/2024,1098.66,1.02,0.000929266,0.000928835
3/12/2024,1107.4,8.74,0.007955145,0.00792367
3/13/2024,1103.59,-3.81,-0.003440491,-0.003446423
3/14/2024,1105.46,1.87,0.00169447,0.001693036
3/18/2024,1094.58,1.85,0.001673511,-0.00989081
3/19/2024,1084.95,-9.63,-0.008797895,-0.008836825
3/20/2024,1085.73,0.78,0.000718927,0.000718669
3/21/2024,1100.51,14.78,0.013612961,0.013521137
3/22/2024,1091.93,-8.58,-0.007796385,-0.007826936
3/25/2024,1090.29,-1.64,-0.001501928,-0.001503057
3/26/2024,1091.52,1.23,0.00112814,0.001127504
3/27/2024,1089.72,-1.8,-0.001649077,-0.001650438
3/28/2024,1093.91,4.19,0.003845024,0.003837651
3/29/2024,1096.6,2.69,0.002459069,0.00245605
4/1/2024,1095.65,-0.95,-0.000866314,-0.00086669
4/2/2024,1105.09,9.44,0.00861589,0.008578985
4/3/2024,1099.05,-6.04,-0.005465618,-0.005480609
4/4/2024,1103.75,4.7,0.004276421,0.004267303
4/5/2024,1102.68,-1.07,-0.000969422,-0.000969893
4/8/2024,1107.51,4.83,0.004380237,0.004370672
4/9/2024,1117.58,10.07,0.009092469,0.009051381
4/10/2024,1119.79,2.21,0.001977487,0.001975534
4/11/2024,1116.7,-3.09,-0.002759446,-0.00276326
4/12/2024,1103.61,-13.09,-0.011722038,-0.011791283
4/16/2024,1071.06,-20.72,-0.018774748,-0.029937812
4/17/2024,1074.87,3.81,0.003557224,0.003550912
4/18/2024,1077.89,3.02,0.002809642,0.002805702
4/19/2024,1062.73,-15.16,-0.014064515,-0.014164357
4/22/2024,1067.81,5.08,0.004780142,0.004768753
